,CITY,lat_lngs,latitude,longitude,temp,max_temp,humidity,wind_speed,cloudiness,country,date
0,cidreira,"(-38.60820227543575, -40.597026852468815)",-38.60820227543575,-40.597026852468815,74.12,74.12,75,24.14,0,BR,1581542629
1,oyek,"(53.049070243124504, 104.32120199454687)",53.049070243124504,104.32120199454687,3.2,3.2,84,2.24,75,RU,1581542939
2,codrington,"(24.558050420704944, -45.35258835287536)",24.558050420704944,-45.35258835287536,64.98,64.98,92,20.4,69,AU,1581542919
3,bluff,"(-79.22629010813466, 167.39111688763097)",-79.22629010813466,167.39111688763097,57.99,57.99,92,5.01,89,NZ,1581542874
4,kapaa,"(32.256873150643855, -169.0635027675688)",32.256873150643855,-169.0635027675688,74.8,75.2,73,12.75,75,US,1581542654
6,ushuaia,"(-82.55658291983985, -40.423871130500515)",-82.55658291983985,-40.423871130500515,51.8,51.8,57,25.28,40,AR,1581542703
7,atuona,"(-6.389077435156551, -123.87392345030531)",-6.389077435156551,-123.87392345030531,81.45,81.45,77,16.89,0,PF,1581542861
8,bethel,"(46.214012936975706, -169.10581044027373)",46.214012936975706,-169.10581044027373,42.28,45,35,8.05,1,US,1581542905
9,hermanus,"(-82.5630410221447, -7.650769401773971)",-82.5630410221447,-7.650769401773971,67.77,70,84,10,0,ZA,1581542941
10,upernavik,"(88.05670461158326, -54.51633591957322)",88.05670461158326,-54.51633591957322,-12.14,-12.14,98,1.28,100,GL,1581542624
11,mataura,"(-68.56565728749445, -152.2179290398476)",-68.56565728749445,-152.2179290398476,57.99,57.99,92,5.01,100,NZ,1581542593
12,punta arenas,"(-60.23692659017868, -73.65805744761876)",-60.23692659017868,-73.65805744761876,58.42,59,41,18.34,90,CL,1581542775
13,olivenza,"(38.437290535573084, -7.101903802092551)",38.437290535573084,-7.101903802092551,54.03,55.4,93,5.82,90,ES,1581542941
14,tuktoyaktuk,"(67.99021817500974, -131.02114735663713)",67.99021817500974,-131.02114735663713,-25.6,-25.6,67,8.05,5,CA,1581542889
15,khatanga,"(88.37474431583175, 99.91294461331609)",88.37474431583175,99.91294461331609,-3.37,-3.37,96,9.86,89,RU,1581542647
16,vaini,"(-20.637570519987193, -174.88083814606563)",-20.637570519987193,-174.88083814606563,82.4,82.4,78,10.29,75,TO,1581542942
18,verkhoyansk,"(66.90655245798365, 133.01085937835887)",66.90655245798365,133.01085937835887,-22.25,-22.25,96,2.01,100,RU,1581542942
19,hobart,"(-84.13588762666392, 146.19624859162383)",-84.13588762666392,146.19624859162383,55.65,59,76,9.66,90,AU,1581542625
20,hilo,"(3.0331407232557552, -162.37414120411924)",3.0331407232557552,-162.37414120411924,71.8,80.6,57,9.17,20,US,1581542596
21,havelock,"(32.68583295540181, -71.07322861434672)",32.68583295540181,-71.07322861434672,57.61,61,67,12.75,90,US,1581542943
22,grojdibodu,"(43.78640594482445, 24.293093698019987)",43.78640594482445,24.293093698019987,39.2,39.2,69,9.17,75,RO,1581542943
23,georgetown,"(-6.006768398987319, -19.212946882765408)",-6.006768398987319,-19.212946882765408,77.92,78.8,100,3.36,20,MY,1581542767
24,kruisfontein,"(-69.46446582053508, 26.381282030350803)",-69.46446582053508,26.381282030350803,67.05,67.05,92,4.7,0,ZA,1581542859
25,kingaroy,"(-25.605207385129646, 151.41995245262024)",-25.605207385129646,151.41995245262024,68,68,100,4.7,90,AU,1581542943
26,rikitea,"(-15.399614040328132, -121.90141629471542)",-15.399614040328132,-121.90141629471542,79.11,79.11,78,17.52,100,PF,1581542856
27,bredasdorp,"(-80.0017371953341, 18.682541484621822)",-80.0017371953341,18.682541484621822,69.87,70,83,12.75,1,ZA,1581542869
29,avarua,"(-27.277312690306168, -164.7465186087728)",-27.277312690306168,-164.7465186087728,82.4,82.4,78,12.75,100,CK,1581542875
30,vrangel,"(41.30122643351757, 133.0779478897407)",41.30122643351757,133.0779478897407,36.27,36.27,76,7.29,100,RU,1581542944
31,lasa,"(32.145132585157285, 91.2913229420729)",32.145132585157285,91.2913229420729,26.56,37.4,63,3.36,5,IT,1581542944
32,khandbari,"(27.572598199621012, 87.16546060285378)",27.572598199621012,87.16546060285378,37.69,37.69,64,2.91,9,NP,1581542865
33,tuatapere,"(-51.29109367138651, 159.15627829924978)",-51.29109367138651,159.15627829924978,57.99,57.99,92,5.01,86,NZ,1581542865
34,nikolskoye,"(46.64929548411601, 173.27824755941344)",46.64929548411601,173.27824755941344,33.91,34,95,6.71,90,RU,1581542595
35,barrow,"(78.54816553256941, -145.9715963333477)",78.54816553256941,-145.9715963333477,-22,-22,74,4.7,1,US,1581542592
36,new norfolk,"(-74.8221744470451, 131.13254874029406)",-74.8221744470451,131.13254874029406,55.53,59,76,2.55,90,AU,1581542900
37,hongjiang,"(27.138171790916246, 109.58072518323917)",27.138171790916246,109.58072518323917,55.81,55.81,94,1.63,100,CN,1581542945
38,hamilton,"(29.33285555037743, -66.99688445672659)",29.33285555037743,-66.99688445672659,34.48,36,93,6.93,90,US,1581542727
39,butaritari,"(13.880238554042748, 170.81444098296868)",13.880238554042748,170.81444098296868,81.86,81.86,84,17.92,100,KI,1581542866
40,qaanaaq,"(83.54078622083611, -89.34022427011686)",83.54078622083611,-89.34022427011686,-16.22,-16.22,57,4.25,7,GL,1581542858
41,saldanha,"(-35.68753733282632, 13.485315627117302)",-35.68753733282632,13.485315627117302,62.6,62.6,88,11.41,1,ZA,1581542898
42,yellowknife,"(87.04956400192191, -107.19736713889648)",87.04956400192191,-107.19736713889648,-23.55,-23.01,67,8.05,40,CA,1581542885
43,albany,"(-71.98442950942243, 101.36028244946436)",-71.98442950942243,101.36028244946436,37.56,42.01,44,4.7,90,US,1581542863
44,tawang,"(27.685889529085372, 91.92889833079346)",27.685889529085372,91.92889833079346,25.45,25.45,64,3.69,0,IN,1581542946
45,hithadhoo,"(-7.005671135490147, 80.94862134415962)",-7.005671135490147,80.94862134415962,82.87,82.87,77,9.13,70,MV,1581542890
46,yichang,"(31.486212318792525, 110.85778775868681)",31.486212318792525,110.85778775868681,50.63,50.63,92,1.57,0,CN,1581542947
47,jacareacanga,"(-5.642924131371672, -58.265611604856005)",-5.642924131371672,-58.265611604856005,77,77,94,4.7,75,BR,1581542651
48,egvekinot,"(65.5812721798466, -177.30062609800825)",65.5812721798466,-177.30062609800825,-0.65,-0.65,97,2.91,100,RU,1581542947
49,cuenca,"(40.05236431715409, -2.083894746821045)",40.05236431715409,-2.083894746821045,71.6,71.6,43,12.75,75,EC,1581542695
50,patea,"(-40.46753575330548, 174.19002529595969)",-40.46753575330548,174.19002529595969,65.93,68,80,10,100,NZ,1581542947
51,carnarvon,"(-20.59956499836136, 110.62570837240537)",-20.59956499836136,110.62570837240537,73.4,73.4,83,12.75,40,AU,1581542928
52,victoria,"(-8.287377257955342, 55.11154933159651)",-8.287377257955342,55.11154933159651,65.95,68,93,4.7,0,HK,1581542642
53,jamame,"(-0.6043179904793021, 43.877750305469675)",-0.6043179904793021,43.877750305469675,81.19,81.19,81,21.59,0,SO,1581542948
54,grand-santi,"(2.7064737341943896, -55.339166361166946)",2.7064737341943896,-55.339166361166946,82.63,82.63,64,3.44,76,GF,1581542948
55,verkhnyaya inta,"(66.48145997622987, 60.751466205622506)",66.48145997622987,60.751466205622506,20.44,20.44,82,14.85,10,RU,1581542948
56,pitmoaga,"(12.643166776788249, -1.8652768151871157)",12.643166776788249,-1.8652768151871157,80.58,82.4,12,5.82,100,BF,1581542948
57,portland,"(-47.655844338297946, 135.882840785783)",-47.655844338297946,135.882840785783,47.82,52,76,10.29,90,US,1581542851
58,tura,"(65.72754934540995, 102.53029256018237)",65.72754934540995,102.53029256018237,56.5,56.5,53,1.39,0,IN,1581542949
59,mulege,"(27.131634485205012, -111.42587727379264)",27.131634485205012,-111.42587727379264,62.83,62.83,49,10.63,0,MX,1581542949
60,castro,"(-53.146853105375094, -107.32703426731499)",-53.146853105375094,-107.32703426731499,66.4,66.4,92,3.22,50,BR,1581542873
61,bolshoye nagatkino,"(54.31856755395947, 47.840234485916426)",54.31856755395947,47.840234485916426,17.6,17.6,72,8.95,100,RU,1581542949
62,torrox,"(36.50172027211829, -3.9650108989336275)",36.50172027211829,-3.9650108989336275,55.69,59,82,3.36,100,ES,1581542950
63,bengkulu,"(-20.375027019115947, 91.32587483505716)",-20.375027019115947,91.32587483505716,74.52,74.52,93,3.18,64,ID,1581542895
65,severo-kurilsk,"(29.14403621454015, 168.15892493973956)",29.14403621454015,168.15892493973956,19.51,19.51,92,10.02,87,RU,1581542864
66,vao,"(-30.210570358370703, 166.46668669290267)",-30.210570358370703,166.46668669290267,80.8,80.8,90,16.67,78,NC,1581542950
67,vizinga,"(60.37833209798541, 49.94535777977714)",60.37833209798541,49.94535777977714,19.92,19.92,94,7.2,100,RU,1581542892
68,hasaki,"(33.39910213073685, 148.71892367164833)",33.39910213073685,148.71892367164833,46.29,53.6,93,6.93,75,JP,1581542865
70,praia da vitoria,"(47.781647036448675, -23.855485599777467)",47.781647036448675,-23.855485599777467,59,59,93,8.63,20,PT,1581542951
71,sehithwa,"(-20.25722420399191, 22.691970212674363)",-20.25722420399191,22.691970212674363,73.83,73.83,65,11.56,0,BW,1581542951
72,ixtapa,"(11.03059001397979, -105.4850660352506)",11.03059001397979,-105.4850660352506,77.47,78.01,69,10.29,90,MX,1581542951
73,jamestown,"(-39.64212570655254, -17.441830737590152)",-39.64212570655254,-17.441830737590152,34.88,37.4,55,9.17,20,US,1581542794
74,saint-philippe,"(-35.65911907455451, 58.835561740707504)",-35.65911907455451,58.835561740707504,75.49,80.6,78,5.82,99,RE,1581542870
75,chapais,"(48.587807746699724, -75.49011205955242)",48.587807746699724,-75.49011205955242,23,23,85,11.41,90,CA,1581542951
76,bilibino,"(68.9878971717171, 166.90683172350595)",68.9878971717171,166.90683172350595,-17.32,-17.32,96,3.31,0,RU,1581542876
77,prince rupert,"(50.699857016905725, -132.1400866283551)",50.699857016905725,-132.1400866283551,37.4,37.4,86,16.11,90,CA,1581542952
78,nome,"(72.40140820426774, -164.74259737147437)",72.40140820426774,-164.74259737147437,-5.94,-4,63,2.13,1,US,1581542858
79,geraldton,"(-29.257530846187407, 115.23864221491618)",-29.257530846187407,115.23864221491618,73.4,73.4,83,6.93,75,AU,1581542867
80,imbituba,"(-28.37170887021302, -47.47940904417587)",-28.37170887021302,-47.47940904417587,71.6,71.6,100,5.82,75,BR,1581542916
81,milkovo,"(55.33454185871605, 157.58460614817233)",55.33454185871605,157.58460614817233,1.15,1.15,93,1.19,39,RU,1581542952
82,longyearbyen,"(89.52220953133704, 22.981642883805478)",89.52220953133704,22.981642883805478,5,5,60,12.75,20,SJ,1581542880
83,thompson,"(64.16539817063205, -91.77063397582045)",64.16539817063205,-91.77063397582045,-14.8,-14.8,62,14.99,90,CA,1581542868
84,ginir,"(7.365333576907801, 40.64765489082015)",7.365333576907801,40.64765489082015,63.01,63.01,75,2.28,66,ET,1581542953
85,alyangula,"(-15.160350641870451, 137.0645052065172)",-15.160350641870451,137.0645052065172,84.2,84.2,83,4.7,31,AU,1581542953
86,tual,"(-6.951404238279011, 131.35527494015622)",-6.951404238279011,131.35527494015622,82.8,82.8,77,14.36,72,ID,1581542924
87,lodja,"(-1.3980065001330644, 22.761451423143654)",-1.3980065001330644,22.761451423143654,73.81,73.81,84,1.79,96,CD,1581542954
88,kensington,"(46.38078112529689, -63.70009861841548)",46.38078112529689,-63.70009861841548,72.64,73.99,94,3.36,90,AU,1581542945
89,tiksi,"(73.59379271313799, 125.45058326515846)",73.59379271313799,125.45058326515846,-27.63,-27.63,91,5.37,36,RU,1581542856
90,luderitz,"(-32.66402345312816, 3.1183339054508963)",-32.66402345312816,3.1183339054508963,66.2,66.2,82,4.7,1,NA,1581542871
91,arraial do cabo,"(-31.005798639919583, -36.20769560929992)",-31.005798639919583,-36.20769560929992,71.6,71.6,94,11.41,90,BR,1581542954
92,beidao,"(34.580524863580294, 105.76067931042365)",34.580524863580294,105.76067931042365,34.48,34.48,92,3.31,0,CN,1581542954
93,trinidad,"(20.372025393487874, -79.72655103246058)",20.372025393487874,-79.72655103246058,82.4,82.4,83,3.36,75,BO,1581542955
94,marawi,"(19.915115399984415, 31.646384911708992)",19.915115399984415,31.646384911708992,73,73,90,4,99,PH,1581542955
95,busselton,"(-58.19329375764503, 102.4956569477232)",-58.19329375764503,102.4956569477232,66.9,71.01,49,9.64,0,AU,1581542872
96,byron bay,"(-27.182996479697252, 160.1054317256594)",-27.182996479697252,160.1054317256594,71.35,73,100,10.29,100,AU,1581542955
97,cape town,"(-79.03968912960387, -16.16832303689867)",-79.03968912960387,-16.16832303689867,65.35,68,88,6.93,3,ZA,1581542938
98,oda,"(36.25035513234717, 131.86031004934534)",36.25035513234717,131.86031004934534,55.4,55.4,76,19.46,75,JP,1581542955
99,san vicente,"(18.861801198759863, 124.26442102371044)",18.861801198759863,124.26442102371044,80.01,80.01,84,1.66,62,AR,1581542956
100,chifeng,"(43.752216914745276, 118.08390790356896)",43.752216914745276,118.08390790356896,30.36,30.36,66,7.43,31,CN,1581542911
101,east london,"(-63.20002475295973, 49.11857232784277)",-63.20002475295973,49.11857232784277,74.59,74.59,75,21.09,49,ZA,1581542956
102,namatanai,"(3.356911452686191, 160.63648934897356)",3.356911452686191,160.63648934897356,83.16,83.16,77,17.63,87,PG,1581542956
103,kualakapuas,"(-3.3005806454146835, 114.23170529779674)",-3.3005806454146835,114.23170529779674,75.11,75.11,95,1.12,48,ID,1581542956
104,leningradskiy,"(78.29945027228516, 178.2824525423719)",78.29945027228516,178.2824525423719,-17.03,-17.03,96,10.78,0,RU,1581542929
105,chokurdakh,"(70.2216751501768, 149.32638978690034)",70.2216751501768,149.32638978690034,-24.61,-24.61,81,2.91,100,RU,1581542885
106,ancud,"(-39.04557893361798, -102.81581206732433)",-39.04557893361798,-102.81581206732433,62.6,62.6,51,11.41,20,CL,1581542899
107,husavik,"(70.06423513123335, -15.449697072314592)",70.06423513123335,-15.449697072314592,23,23,67,11.41,75,IS,1581542911
108,cherskiy,"(76.71023671819123, 163.87892103213068)",76.71023671819123,163.87892103213068,-12.01,-12.01,73,4.97,0,RU,1581542933
109,caravelas,"(-22.890734746009713, -24.255505962113887)",-22.890734746009713,-24.255505962113887,81.07,81.07,80,11.5,46,BR,1581542926
110,poum,"(-21.51694955636438, 161.3348536576512)",-21.51694955636438,161.3348536576512,81.84,81.84,85,13.85,65,NC,1581542958
111,tomatlan,"(18.288825332783276, -109.35934313679797)",18.288825332783276,-109.35934313679797,87.75,87.75,29,4.59,99,MX,1581542958
112,rio gallegos,"(-51.33842258419635, -66.46787942584982)",-51.33842258419635,-66.46787942584982,62.6,62.6,29,21.92,40,AR,1581542902
113,carupano,"(10.812890661999305, -62.439737717713456)",10.812890661999305,-62.439737717713456,79.56,79.56,78,5.35,4,VE,1581542958
114,grindavik,"(54.832146489443005, -25.320938322862844)",54.832146489443005,-25.320938322862844,24.71,26.6,92,4.7,40,IS,1581542958
115,bambous virieux,"(-22.208356428134493, 60.49637480361042)",-22.208356428134493,60.49637480361042,79.92,80.6,83,12.75,40,MU,1581542958
116,ponta do sol,"(17.779880426420434, -32.41251752263938)",17.779880426420434,-32.41251752263938,60.67,64.4,72,5.82,20,PT,1581542959
117,robertsport,"(2.283094324461416, -14.758413090850212)",2.283094324461416,-14.758413090850212,81.81,81.81,83,13,83,LR,1581542959
118,puerto ayora,"(-23.063652380554203, -102.23474377696299)",-23.063652380554203,-102.23474377696299,86,86,66,20.8,40,EC,1581542959
119,mirnyy,"(63.60566820209684, 114.17453589378619)",63.60566820209684,114.17453589378619,-13,-13,83,11.18,56,RU,1581542939
120,stavrovo,"(56.16359757088847, 39.90563575910477)",56.16359757088847,39.90563575910477,22.28,22.28,92,9.55,100,RU,1581542959
121,yulara,"(-23.420782086532725, 131.6548809400652)",-23.420782086532725,131.6548809400652,84.2,84.2,26,8.05,0,AU,1581542959
123,ribeira grande,"(31.594257473125126, -35.89560212406471)",31.594257473125126,-35.89560212406471,59,59,87,5.82,20,PT,1581542860
124,fortuna,"(39.31362427055495, -137.62840174440154)",39.31362427055495,-137.62840174440154,52.27,55,81,14.99,20,US,1581542960
125,atar,"(24.217801791575766, -12.357084981418467)",24.217801791575766,-12.357084981418467,77.02,77.02,21,11.45,0,MR,1581542914
126,hofn,"(57.80062235596523, -15.321393722895465)",57.80062235596523,-15.321393722895465,28.15,28.15,82,23.33,100,IS,1581542899
127,saint george,"(28.681022356601872, -45.812693975279956)",28.681022356601872,-45.812693975279956,51.15,54,21,2.89,1,US,1581542960
128,kamskiye polyany,"(55.55825540823318, 51.04596432934832)",55.55825540823318,51.04596432934832,17.6,17.6,67,13.42,100,RU,1581542960
129,minab,"(26.41001312303399, 58.80097041100791)",26.41001312303399,58.80097041100791,53.6,53.6,71,4.7,0,IR,1581542961
130,zhuzhou,"(27.87074758192675, 113.14958206342715)",27.87074758192675,113.14958206342715,55.4,55.4,100,6.71,90,CN,1581542961
131,norman wells,"(63.53423274089744, -130.31619074815654)",63.53423274089744,-130.31619074815654,-14.8,-14.8,68,9.17,75,CA,1581542856
132,soe,"(-11.818717885099034, 125.0443900260048)",-11.818717885099034,125.0443900260048,74.19,74.19,84,4.5,100,ID,1581542961
133,airai,"(6.884923803461646, 138.47378287791008)",6.884923803461646,138.47378287791008,67.89,67.89,88,3.42,97,TL,1581542895
134,zhigansk,"(68.18538890683112, 121.81698388663779)",68.18538890683112,121.81698388663779,-35.23,-35.23,96,0.38,1,RU,1581542928
135,bubaque,"(9.459338354672894, -19.97584077464751)",9.459338354672894,-19.97584077464751,79.93,79.93,70,15.9,0,GW,1581542962
136,klaksvik,"(66.33535138496018, -4.722372340679527)",66.33535138496018,-4.722372340679527,32,32,61,10.29,42,FO,1581542925
137,gopalpur,"(17.94291454981483, 85.98124488168997)",17.94291454981483,85.98124488168997,63.18,63.18,72,2.21,0,IN,1581542962
138,nanortalik,"(54.70420200198524, -44.41010520797158)",54.70420200198524,-44.41010520797158,16.29,16.29,48,12.97,0,GL,1581542893
139,tiznit,"(29.592129141659626, -10.466468624709364)",29.592129141659626,-10.466468624709364,59.34,59.34,33,1.66,78,MA,1581542903
140,castellaneta,"(40.652830375245685, 16.981696486538368)",40.652830375245685,16.981696486538368,47.62,50,100,2.24,5,IT,1581542963
141,charters towers,"(-20.856411494906723, 146.46387013573235)",-20.856411494906723,146.46387013573235,76.14,76.14,42,4.79,0,AU,1581542963
142,lagoa,"(42.089863985884136, -27.029388649806634)",42.089863985884136,-27.029388649806634,61.38,61.38,82,7.72,72,PT,1581542886
143,brazzaville,"(-3.2821248800038774, 15.650059560850252)",-3.2821248800038774,15.650059560850252,80.6,80.6,74,4.7,20,CG,1581542963
144,lebu,"(-35.99946009103018, -86.23623077163)",-35.99946009103018,-86.23623077163,65.35,65.35,47,11.39,0,CL,1581542603
145,port elizabeth,"(-59.67904388409884, 28.52964108900781)",-59.67904388409884,28.52964108900781,68,68,82,12.75,0,ZA,1581542890
146,shimanovsk,"(51.75878322274298, 127.16596773071421)",51.75878322274298,127.16596773071421,-1.52,-1.52,69,12.75,71,RU,1581542964
147,tobol,"(52.79125479714736, 63.10429029548686)",52.79125479714736,63.10429029548686,1.31,1.31,97,4.27,65,KZ,1581542964
148,alofi,"(-20.308255652195754, -170.83845375013107)",-20.308255652195754,-170.83845375013107,71.6,71.6,100,14.79,90,NU,1581542921
149,yerofey pavlovich,"(53.59483703193746, 122.37565713538237)",53.59483703193746,122.37565713538237,-10.34,-10.34,81,3.83,34,RU,1581542964
150,saint anthony,"(55.32492053051271, -54.559621514197346)",55.32492053051271,-54.559621514197346,26.55,32,68,19.46,90,US,1581542715
151,clyde river,"(68.15444121934604, -75.45892823659972)",68.15444121934604,-75.45892823659972,-13,-13,75,14.99,40,CA,1581542964
152,provideniya,"(41.924646663331686, -178.53041887255497)",41.924646663331686,-178.53041887255497,5,5,77,2.24,75,RU,1581542860
154,katsuura,"(25.494402936779295, 145.65073200590808)",25.494402936779295,145.65073200590808,59.38,61,82,16.11,75,JP,1581542947
155,mar del plata,"(-48.79791648964919, -46.534011057669545)",-48.79791648964919,-46.534011057669545,68.18,72,88,9.17,0,AR,1581542784
156,yerbogachen,"(62.64310921327069, 109.41715155751746)",62.64310921327069,109.41715155751746,-14.04,-14.04,93,8.97,0,RU,1581542884
157,san carlos,"(-34.6280359647415, -54.994505531505425)",-34.6280359647415,-54.994505531505425,95.9,95.9,27,1.5,42,VE,1581542965
159,houston,"(53.72727015891368, -126.96006773216544)",53.72727015891368,-126.96006773216544,52.39,57.99,87,5.82,90,US,1581542360
160,orbetello,"(41.6417830714571, 10.555623685425985)",41.6417830714571,10.555623685425985,44.64,46,87,2.24,20,IT,1581542966
161,mount gambier,"(-48.75888493099982, 134.08294738018446)",-48.75888493099982,134.08294738018446,64.4,64.4,93,11.41,90,AU,1581542966
162,zambezi,"(-12.780649765704112, 22.124060693210907)",-12.780649765704112,22.124060693210907,68.76,68.76,88,0.85,100,ZM,1581542966
163,kaitangata,"(-76.41214352393797, 179.74532556086888)",-76.41214352393797,179.74532556086888,66.99,66.99,67,15.21,100,NZ,1581542606
164,port alfred,"(-78.77065373589431, 49.69455740471025)",-78.77065373589431,49.69455740471025,66.99,66.99,89,1.99,0,ZA,1581542966
165,half moon bay,"(29.670003006261652, -137.5490469577978)",29.670003006261652,-137.5490469577978,66.56,71.01,36,5.82,20,US,1581542967
166,tilichiki,"(59.60266099063412, 165.20253550205234)",59.60266099063412,165.20253550205234,-2.78,-2.78,95,8.79,100,RU,1581542927
167,faanui,"(-1.5020820095961085, -158.61906196490054)",-1.5020820095961085,-158.61906196490054,82.06,82.06,78,14.38,21,PF,1581542867
168,mahebourg,"(-21.232102989143584, 58.47554641295304)",-21.232102989143584,58.47554641295304,79.97,80.6,83,12.75,40,MU,1581542890
169,chaumont,"(48.06729035260486, 4.859815652794737)",48.06729035260486,4.859815652794737,37.85,39.2,86,5.82,100,FR,1581542967
170,cabo san lucas,"(14.1374178506573, -117.19917215908112)",14.1374178506573,-117.19917215908112,70.12,73.99,52,4.7,5,MX,1581542889
172,road town,"(21.618335972786966, -63.99543616687916)",21.618335972786966,-63.99543616687916,78.64,82.4,78,12.75,40,VG,1581542968
173,nipawin,"(53.435437924597636, -103.36717031495158)",53.435437924597636,-103.36717031495158,-7.6,-7.6,48,3.36,1,CA,1581542968
174,mandalgovi,"(42.869128325403324, 107.89484023424569)",42.869128325403324,107.89484023424569,8.89,8.89,92,12.82,100,MN,1581542938
175,harper,"(-0.6552544813410179, -10.513950396687449)",-0.6552544813410179,-10.513950396687449,77.72,77.72,87,2.77,0,LR,1581542968
176,gaogou,"(33.9303108334002, 118.98027602181747)",33.9303108334002,118.98027602181747,44.83,44.83,90,6.96,0,CN,1581542968
177,san rafael,"(-36.17243611109923, -67.29978034978667)",-36.17243611109923,-67.29978034978667,88.59,88.59,29,16.46,0,AR,1581542969
178,belmonte,"(-18.259102748359652, -28.124942794136757)",-18.259102748359652,-28.124942794136757,83.61,86,74,13.87,40,BR,1581542915
179,barstow,"(35.2236968916245, -117.02880543585714)",35.2236968916245,-117.02880543585714,62.42,66.2,12,4.7,1,US,1581542969
180,deer lake,"(49.64742998263728, -57.323010623998314)",49.64742998263728,-57.323010623998314,24.49,24.8,73,8.05,40,CA,1581542935
181,nouadhibou,"(24.011795730412544, -20.102605492416956)",24.011795730412544,-20.102605492416956,80.6,80.6,18,16.11,0,MR,1581542658
182,xiongzhou,"(25.515869513376643, 113.95481715150243)",25.515869513376643,113.95481715150243,58.55,58.55,96,2.91,48,CN,1581542969
183,hirara,"(20.78980045017373, 128.078049216348)",20.78980045017373,128.078049216348,72.97,72.97,79,12.48,17,JP,1581542953
184,gwadar,"(23.204499865885182, 62.495340879768804)",23.204499865885182,62.495340879768804,71.47,71.47,78,12.33,0,PK,1581542970
185,kholmogory,"(63.52152815265879, 41.624502891543045)",63.52152815265879,41.624502891543045,35.6,35.6,80,6.71,90,RU,1581542970
187,laguna,"(-35.94607336335821, -39.41481737183591)",-35.94607336335821,-39.41481737183591,64.31,69.01,39,5.1,1,US,1581542679
188,alegrete,"(-29.85409334126939, -56.15689459176865)",-29.85409334126939,-56.15689459176865,93.15,93.15,20,9.42,0,BR,1581542970
189,mangan,"(28.707802445537368, 87.9874887393488)",28.707802445537368,87.9874887393488,38.55,38.55,56,2.62,0,IN,1581542971
190,san cristobal,"(-7.873356831050984, -90.5764562449464)",-7.873356831050984,-90.5764562449464,87.8,87.8,52,11.41,40,VE,1581542971
191,macapa,"(0.3453997434340721, -51.25039251493618)",0.3453997434340721,-51.25039251493618,80.6,80.6,100,5.82,75,BR,1581542971
192,isoka,"(-10.260084065251931, 32.8133235902385)",-10.260084065251931,32.8133235902385,65.19,65.19,92,2.59,100,ZM,1581542971
194,los llanos de aridane,"(27.13527254425091, -27.096647195399754)",27.13527254425091,-27.096647195399754,66.58,66.99,82,11.41,20,ES,1581542971
196,kavieng,"(8.702453904338086, 154.5283125375043)",8.702453904338086,154.5283125375043,83.64,83.64,78,14.47,72,PG,1581542927
197,erzin,"(50.38279298863819, 95.29791433795236)",50.38279298863819,95.29791433795236,38.89,41,82,11.41,90,TR,1581542972
198,goderich,"(1.2237798011045697, -21.97054490201708)",1.2237798011045697,-21.97054490201708,32.34,34,88,12.53,100,CA,1581542972
200,san jose de guanipa,"(9.016246441442888, -63.54394016698764)",9.016246441442888,-63.54394016698764,87.78,87.78,46,14.5,54,VE,1581542972
201,chuy,"(-45.353847220481846, -39.89873414964043)",-45.353847220481846,-39.89873414964043,73.81,73.81,61,13.73,0,UY,1581542619
202,juquitiba,"(-24.00415403137825, -46.993833854753234)",-24.00415403137825,-46.993833854753234,65.44,66.2,88,11.41,90,BR,1581542972
203,trairi,"(1.4275349837928815, -36.40881097189154)",1.4275349837928815,-36.40881097189154,77.11,77.11,85,3.38,14,BR,1581542972
204,pangnirtung,"(64.14575352949072, -60.43961046146285)",64.14575352949072,-60.43961046146285,-22,-22,74,4.7,40,CA,1581542897
206,tessalit,"(21.398913553031292, 2.1290736903834215)",21.398913553031292,2.1290736903834215,73.18,73.18,11,14.61,0,ML,1581542973
207,kodiak,"(42.579466278779705, -146.08328674435154)",42.579466278779705,-146.08328674435154,35.6,35.6,80,20.8,90,US,1581542871
209,verkhnevilyuysk,"(62.535624044833185, 119.93598990281117)",62.535624044833185,119.93598990281117,-27.2,-27.2,96,4.36,0,RU,1581542962
210,constitucion,"(12.223725884957119, -128.63095513761863)",12.223725884957119,-128.63095513761863,63.45,63.45,56,19.17,22,CL,1581542881
211,taltal,"(-25.80780049982411, -71.97815664773411)",-25.80780049982411,-71.97815664773411,68.7,68.7,64,5.79,99,CL,1581542973
212,asau,"(-4.624323309344177, 179.46847586182508)",-4.624323309344177,179.46847586182508,33.87,34,59,5.82,3,RO,1581542894
213,batagay,"(67.4860315540779, 136.13924184960206)",67.4860315540779,136.13924184960206,-19.52,-19.52,98,1.36,98,RU,1581542974
214,vawkavysk,"(53.02224637283655, 24.405009934445985)",53.02224637283655,24.405009934445985,33.6,33.6,89,14.54,99,BY,1581542974
215,mayumba,"(-7.619379607526781, 5.324673207438735)",-7.619379607526781,5.324673207438735,82.71,82.71,80,11.12,100,GA,1581542974
216,tasiilaq,"(56.80509691422216, -33.67616703740859)",56.80509691422216,-33.67616703740859,16.68,16.68,82,39.68,100,GL,1581542923
217,balkhash,"(47.50030102268957, 76.40560612956057)",47.50030102268957,76.40560612956057,12.69,12.69,73,11.88,95,KZ,1581542698
218,chute-aux-outardes,"(52.27139537706964, -70.15025757243339)",52.27139537706964,-70.15025757243339,28.4,28.4,79,24.16,1,CA,1581542975
219,buraydah,"(26.654045380007943, 45.982456206241864)",26.654045380007943,45.982456206241864,44.6,44.6,45,6.93,0,SA,1581542704
220,mizan teferi,"(6.472631900047915, 34.7283708766177)",6.472631900047915,34.7283708766177,70.05,70.05,47,3.91,62,ET,1581542975
221,mandali,"(34.28514607878391, 45.838211880667785)",34.28514607878391,45.838211880667785,43.92,43.92,28,4.88,75,IQ,1581542975
222,octeville,"(49.58284427913179, -1.6340916665881196)",49.58284427913179,-1.6340916665881196,44.28,46.99,93,10.29,100,FR,1581542975
223,bagdarin,"(55.15324253858034, 112.78501522385352)",55.15324253858034,112.78501522385352,-14.76,-14.76,86,5.88,0,RU,1581542976
224,general bravo,"(25.726262063700233, -99.05579878371665)",25.726262063700233,-99.05579878371665,68.32,68.32,43,11.95,100,MX,1581542976
225,taoudenni,"(22.199961273213162, -4.06691398127856)",22.199961273213162,-4.06691398127856,75.22,75.22,35,10.56,0,ML,1581542976
226,itoman,"(19.053824333987976, 130.6885772806956)",19.053824333987976,130.6885772806956,68.97,69.8,88,10.29,40,JP,1581542796
227,grand gaube,"(-13.624191593279988, 67.10454074935473)",-13.624191593279988,67.10454074935473,79.79,80.6,83,12.75,40,MU,1581542676
228,garhi khairo,"(28.225636760395133, 67.4951571550566)",28.225636760395133,67.4951571550566,61.63,61.63,36,3.15,3,PK,1581542976
229,torbay,"(44.51375661972577, -49.54156468498459)",44.51375661972577,-49.54156468498459,28.49,28.99,92,26.4,90,CA,1581542881
230,dejen,"(9.892658062070538, 37.698878419301394)",9.892658062070538,37.698878419301394,71.08,71.08,52,1.21,100,ET,1581542977
231,tavares,"(-7.493290325910394, -38.034054435356666)",-7.493290325910394,-38.034054435356666,85.32,88,54,8.05,1,US,1581542977
232,rock sound,"(24.20819468847806, -75.77239916946911)",24.20819468847806,-75.77239916946911,76.32,76.32,84,14.99,0,BS,1581542977
233,kieta,"(-4.6924666940061, 156.18014775239277)",-4.6924666940061,156.18014775239277,83.68,83.68,78,20.89,100,PG,1581542977
234,bonthe,"(5.3769068188118325, -14.703566356810967)",5.3769068188118325,-14.703566356810967,80.85,80.85,84,9.71,77,SL,1581542977
236,mecca,"(21.23606578529227, 39.80998039186082)",21.23606578529227,39.80998039186082,69.12,69.12,36,3.22,0,SA,1581542942
237,khovu-aksy,"(51.57891851050928, 93.75434711425868)",51.57891851050928,93.75434711425868,-0.4,-0.4,74,0.54,86,RU,1581542978
239,paamiut,"(61.616192837063295, -50.100542808898666)",61.616192837063295,-50.100542808898666,1.38,1.38,56,14.76,36,GL,1581542978
240,kihei,"(20.258287629241522, -156.5215942629967)",20.258287629241522,-156.5215942629967,74.28,77,69,6.93,75,US,1581542978
241,chiredzi,"(-21.176579109687623, 31.12378463295184)",-21.176579109687623,31.12378463295184,69.8,69.8,96,6.85,100,ZW,1581542978
242,qui nhon,"(14.14336688720212, 113.66390168668198)",14.14336688720212,113.66390168668198,68.36,68.36,95,2.3,47,VN,1581542979
243,lanzhou,"(35.265401528184896, 104.55380091601751)",35.265401528184896,104.55380091601751,27.32,35.01,31,4.47,0,CN,1581542979
244,thanh hoa,"(19.805061622201677, 104.89911688469255)",19.805061622201677,104.89911688469255,71.56,71.56,94,7.83,100,VN,1581542979
245,nanga eboko,"(4.634018780161625, 12.715402038479482)",4.634018780161625,12.715402038479482,72.03,72.03,27,2.21,0,CM,1581542979
246,fort oglethorpe,"(34.831783499515296, -85.25417345529613)",34.831783499515296,-85.25417345529613,55.15,64.4,93,2.68,90,US,1581542979
247,bardiyah,"(30.34150814518516, 25.67729272653463)",30.34150814518516,25.67729272653463,60.78,60.78,80,9.78,0,LY,1581542979
249,richards bay,"(-28.95481082415961, 32.469547179955896)",-28.95481082415961,32.469547179955896,75.47,75.47,74,7.45,0,ZA,1581542892
250,matara,"(1.9370588418259729, 81.54942060896315)",1.9370588418259729,81.54942060896315,75.04,75.04,83,4.59,0,LK,1581542889
251,najran,"(18.765315825734476, 44.05070699295487)",18.765315825734476,44.05070699295487,51.8,51.8,43,9.17,100,SA,1581542980
252,pundaguitan,"(6.025053476548251, 127.36303840683223)",6.025053476548251,127.36303840683223,78.3,78.3,85,8.37,100,PH,1581542864
253,te anau,"(-44.89064092727074, 165.85741311855503)",-44.89064092727074,165.85741311855503,56.59,56.59,88,0.47,24,NZ,1581542980
254,pskov,"(57.834033755596096, 28.562727518134125)",57.834033755596096,28.562727518134125,33.8,33.8,92,6.71,57,RU,1581542980
256,iracoubo,"(13.23739858692015, -50.19569558079914)",13.23739858692015,-50.19569558079914,78.94,78.94,79,15.57,68,GF,1581542981
257,saskylakh,"(71.01692548589227, 119.08520765581585)",71.01692548589227,119.08520765581585,-17.59,-17.59,86,8.3,100,RU,1581542909
258,bichura,"(50.861824543951485, 107.85145224283144)",50.861824543951485,107.85145224283144,-2.07,-2.07,87,1.9,100,RU,1581542981
259,lorengau,"(1.8737369468807543, 147.2444442996217)",1.8737369468807543,147.2444442996217,83.55,83.55,76,15.28,89,PG,1581542869
260,coihaique,"(-47.69103797803548, -73.73109684600595)",-47.69103797803548,-73.73109684600595,59.81,62.6,44,8.05,40,CL,1581542651
261,alice springs,"(-19.389987377308444, 133.0925675219491)",-19.389987377308444,133.0925675219491,73.4,73.4,35,4.7,0,AU,1581542707
262,kalmunai,"(6.591883245413868, 87.55555290844666)",6.591883245413868,87.55555290844666,80.4,80.4,77,21.47,82,LK,1581542714
263,boueni,"(-13.655807204191973, 44.22922292876996)",-13.655807204191973,44.22922292876996,80.6,80.6,94,2.24,20,YT,1581542982
264,sao filipe,"(12.437334297784943, -35.957454657836024)",12.437334297784943,-35.957454657836024,71.6,71.6,62,13.51,0,CV,1581542982
265,urengoy,"(65.47329818647435, 79.05970418504558)",65.47329818647435,79.05970418504558,11.71,11.71,94,12.48,100,RU,1581542920
266,wangkui,"(47.01726046246927, 126.50681184572346)",47.01726046246927,126.50681184572346,23.94,23.94,93,13.31,100,CN,1581542982
267,ratnagiri,"(16.57225592570596, 70.49805508188115)",16.57225592570596,70.49805508188115,69.78,69.78,60,2.44,0,IN,1581542983
268,beipiao,"(41.789199514727414, 120.70004295451872)",41.789199514727414,120.70004295451872,31.57,31.57,88,7,0,CN,1581542983
269,thunder bay,"(47.86925258971593, -90.35018206403467)",47.86925258971593,-90.35018206403467,3.65,8.01,45,12.75,20,CA,1581542983
270,obo,"(5.411761159368851, 26.5999472335005)",5.411761159368851,26.5999472335005,70.93,70.93,28,4.54,37,CF,1581542983
271,puerto escondido,"(9.982997486109056, -99.86485913654103)",9.982997486109056,-99.86485913654103,87.8,87.8,45,6.93,40,MX,1581542983
272,korla,"(36.99977702467854, 87.94916634208289)",36.99977702467854,87.94916634208289,33.01,33.01,80,2.75,0,CN,1581542949
273,hirado,"(35.535890368636785, 129.0440017182072)",35.535890368636785,129.0440017182072,52.48,55.4,93,4.7,75,JP,1581542984
274,kahului,"(27.510951482804472, -151.46917216336018)",27.510951482804472,-151.46917216336018,74.32,77,69,6.93,75,US,1581542653
275,kiruna,"(67.21997009564654, 19.9242096849743)",67.21997009564654,19.9242096849743,5,5,84,5.82,92,SE,1581542984
276,broken hill,"(-29.335751462327195, 139.64536257475845)",-29.335751462327195,139.64536257475845,69.8,69.8,68,12.75,1,AU,1581542984
277,pevek,"(70.66725839015473, 167.70732300529352)",70.66725839015473,167.70732300529352,-4.81,-4.81,71,2.33,0,RU,1581542878
278,beloha,"(-26.9547867820203, 42.018419813801046)",-26.9547867820203,42.018419813801046,74.21,74.21,81,12.66,0,MG,1581542896
279,grao mogol,"(-16.477138512735976, -42.567510529526146)",-16.477138512735976,-42.567510529526146,74.41,74.41,83,4.63,19,BR,1581542985
280,gimli,"(52.657743746591336, -96.55112689330865)",52.657743746591336,-96.55112689330865,-13.54,-13,64,8.99,91,CA,1581542825
281,puerto madryn,"(-41.317281778855005, -65.84967055882136)",-41.317281778855005,-65.84967055882136,76.23,76.23,24,10,21,AR,1581542985
283,cacoal,"(-10.616582513986174, -60.72774264399638)",-10.616582513986174,-60.72774264399638,85.24,85.24,78,1.86,100,BR,1581542985
284,lompoc,"(21.520218829784284, -129.15347798067958)",21.520218829784284,-129.15347798067958,65.14,71.01,40,4.7,1,US,1581542787
285,mushie,"(-3.4765818444880807, 16.690143109857956)",-3.4765818444880807,16.690143109857956,76.28,76.28,79,2.1,39,CD,1581542985
287,lincoln,"(40.84410696475203, -97.01987270004709)",40.84410696475203,-97.01987270004709,38.21,39.99,55,12.75,90,US,1581542838
288,champerico,"(6.6073475445029715, -94.09556892917989)",6.6073475445029715,-94.09556892917989,87.8,87.8,66,11.41,40,GT,1581542986
289,belyy yar,"(61.75430611055228, 87.26775897377053)",61.75430611055228,87.26775897377053,12.2,12.2,72,1.57,54,RU,1581542986
292,gamba,"(-9.08204089830403, 2.9874952383290463)",-9.08204089830403,2.9874952383290463,79.77,79.77,81,3.42,54,GA,1581542917
293,vila nova de milfontes,"(37.75494387849359, -9.052385593912561)",37.75494387849359,-9.052385593912561,55.99,55.99,91,1.99,100,PT,1581542986
294,auki,"(-1.0490755572013342, 164.545659211599)",-1.0490755572013342,164.545659211599,83.77,83.77,77,16.24,92,SB,1581542950
295,broome,"(-14.513854276164807, 123.05490597044991)",-14.513854276164807,123.05490597044991,36.63,39.99,55,4.7,1,US,1581542873
296,luorong,"(24.368765197655563, 109.78576824280992)",24.368765197655563,109.78576824280992,63.34,63.34,97,2.15,100,CN,1581542987
298,nisia floresta,"(-3.2747803984390913, -25.822885218151043)",-3.2747803984390913,-25.822885218151043,83.26,84.2,78,14.99,40,BR,1581542987
299,jakar,"(28.07114519926644, 90.69927456336086)",28.07114519926644,90.69927456336086,35.13,35.13,94,0.54,98,BT,1581542987
300,samarai,"(-13.399915283675838, 150.02474022227085)",-13.399915283675838,150.02474022227085,78.24,78.24,89,5.75,91,PG,1581542954
301,margate,"(-46.940668036573236, 44.63026243890971)",-46.940668036573236,44.63026243890971,42.71,44.6,81,10.29,100,GB,1581542882
302,dikson,"(82.01501384998411, 74.19526668674558)",82.01501384998411,74.19526668674558,19.04,19.04,92,21.77,100,RU,1581542861
303,foki,"(56.91189478563811, 54.36172764718984)",56.91189478563811,54.36172764718984,15.3,15.3,90,3.22,100,RU,1581542988
305,pangody,"(69.2294868717795, 74.91544446726621)",69.2294868717795,74.91544446726621,15.49,15.49,94,13.6,100,RU,1581542988
307,saint-augustin,"(55.24437292553435, -60.98055460361216)",55.24437292553435,-60.98055460361216,20.17,20.17,81,10.76,3,CA,1581542855
308,ambon,"(-2.764247373796607, 125.90039508835474)",-2.764247373796607,125.90039508835474,81.88,81.88,80,14.47,57,ID,1581542988
309,ilhabela,"(-25.421931025024406, -43.715032156802124)",-25.421931025024406,-43.715032156802124,75.81,75.81,76,11.79,100,BR,1581542989
310,porto nacional,"(-10.576941585759528, -47.89284616094727)",-10.576941585759528,-47.89284616094727,84.2,84.2,70,6.93,40,BR,1581542989
311,bonavista,"(53.798868962396284, -49.71548499317785)",53.798868962396284,-49.71548499317785,28,28,86,15.99,100,CA,1581542989
312,palmer,"(62.83421078953535, -147.56967274157233)",62.83421078953535,-147.56967274157233,39.88,44.6,41,10.29,90,US,1581542989
313,kununurra,"(-19.94828137674969, 129.22679929335106)",-19.94828137674969,129.22679929335106,78.8,78.8,94,3.78,27,AU,1581542960
314,boden,"(66.08256190399337, 22.11019863805464)",66.08256190399337,22.11019863805464,24.8,24.8,100,3.36,90,SE,1581542990
315,fort nelson,"(59.390659193176106, -123.16874795497766)",59.390659193176106,-123.16874795497766,5,5,71,3.78,75,CA,1581542990
316,vila franca do campo,"(39.736251082844575, -24.214780639061303)",39.736251082844575,-24.214780639061303,60.8,60.8,87,10.29,20,PT,1581542990
317,cota,"(4.813812015622119, -74.10895935909097)",4.813812015622119,-74.10895935909097,69.8,69.8,46,10.29,40,CO,1581542722
318,chara,"(58.25725387558148, 118.22091071385404)",58.25725387558148,118.22091071385404,-23.51,-23.51,64,0.96,0,RU,1581542871
319,lima,"(-13.834945489457382, -80.23441422954875)",-13.834945489457382,-80.23441422954875,77,77,69,16.11,41,PE,1581542918
320,north bend,"(42.84569187819656, -129.0359212492626)",42.84569187819656,-129.0359212492626,50.43,51.8,76,10.29,1,US,1581542827
321,elko,"(40.61255313792074, -115.90120908179965)",40.61255313792074,-115.90120908179965,41.67,44.6,36,13.87,1,US,1581542984
323,tambura,"(5.585724899340633, 27.639360965481387)",5.585724899340633,27.639360965481387,71.04,71.04,27,3.69,87,SS,1581542991
324,polis,"(35.216749307065584, 32.16403879709861)",35.216749307065584,32.16403879709861,56.19,57.2,87,2.24,75,CY,1581542991
325,miri,"(6.60352899888899, 112.59783414185904)",6.60352899888899,112.59783414185904,76.62,77,94,11.88,75,MY,1581542991
326,odweyne,"(8.096774297541842, 45.47948503374039)",8.096774297541842,45.47948503374039,66.4,66.4,64,20.58,0,SO,1581542707
327,vostok,"(51.49409784790137, 151.9834200328301)",51.49409784790137,151.9834200328301,26.38,26.38,97,1.97,100,RU,1581542992
328,hami,"(39.56365218983058, 93.60421796069272)",39.56365218983058,93.60421796069272,16.57,16.57,52,1.68,0,CN,1581542992
329,sattahip,"(12.630511798139821, 100.50518760600806)",12.630511798139821,100.50518760600806,84.45,87.01,69,8.05,20,TH,1581542992
330,voh,"(-24.60114492071338, 160.82239901792735)",-24.60114492071338,160.82239901792735,81.54,81.54,83,8.39,0,NC,1581542992
333,dzilam gonzalez,"(21.445505353381463, -88.85927374666554)",21.445505353381463,-88.85927374666554,85.51,85.51,52,16.2,0,MX,1581542992
334,ishigaki,"(25.140474388957827, 124.48345310113604)",25.140474388957827,124.48345310113604,71.6,71.6,94,9.17,40,JP,1581542993
335,shingu,"(27.04578394146816, 137.6819526161571)",27.04578394146816,137.6819526161571,63.9,63.9,87,31.68,100,JP,1581542911
336,dingle,"(55.48054822714519, -16.042354757863734)",55.48054822714519,-16.042354757863734,71.67,71.67,93,8.25,7,PH,1581542895
337,raga,"(8.760100988541836, 24.568235856386536)",8.760100988541836,24.568235856386536,67.24,67.24,15,5.84,39,SS,1581542993
338,povenets,"(63.02279724364894, 35.9382757561132)",63.02279724364894,35.9382757561132,29.19,29.19,93,10.11,100,RU,1581542993
339,amapa,"(3.091502275009688, -48.473385661381)",3.091502275009688,-48.473385661381,81.64,81.64,72,2.98,88,BR,1581542908
340,porto novo,"(12.870287167693604, -39.26234097684639)",12.870287167693604,-39.26234097684639,84.2,84.2,58,5.82,6,BJ,1581542994
341,tautira,"(-19.012250282535348, -145.2959497196499)",-19.012250282535348,-145.2959497196499,84.11,84.2,79,9.17,40,PF,1581542864
342,oranjemund,"(-31.028457413365118, 15.685930226401837)",-31.028457413365118,15.685930226401837,67.42,67.42,81,1.7,89,NA,1581542994
343,nelson,"(49.67007109546009, -116.72106288894828)",49.67007109546009,-116.72106288894828,71.28,73.99,57,1.01,81,NZ,1581542994
344,iralaya,"(14.550959712809316, -82.36308454877027)",14.550959712809316,-82.36308454877027,86,86,70,13.87,40,HN,1581542884
345,naze,"(28.611345175078043, 127.44911001711176)",28.611345175078043,127.44911001711176,69.8,69.8,94,6.93,90,JP,1581542626
346,san jeronimo,"(4.536040777283716, -106.71053314748852)",4.536040777283716,-106.71053314748852,56.89,56.89,55,4.9,66,PE,1581542995
347,san patricio,"(2.446542175497214, -114.69807733817632)",2.446542175497214,-114.69807733817632,84.2,84.2,74,11.41,75,MX,1581542860
348,tahe,"(51.52378963504677, 125.23485041095432)",51.52378963504677,125.23485041095432,-7.29,-7.29,78,6.96,7,CN,1581542995
349,sao jose da coroa grande,"(-11.978047680626162, -26.093016785961964)",-11.978047680626162,-26.093016785961964,82.49,82.49,76,14.2,3,BR,1581542922
350,isangel,"(-17.83257766270259, 179.37021352574908)",-17.83257766270259,179.37021352574908,84.2,84.2,89,1.05,20,VU,1581542995
351,dire,"(11.931907439862371, -11.362617758615954)",11.931907439862371,-11.362617758615954,82.71,82.71,16,4.45,0,ML,1581542995
352,sabang,"(7.874279593314341, 95.39682322830845)",7.874279593314341,95.39682322830845,82.65,82.65,78,10.02,67,ID,1581542996
353,olafsvik,"(62.635900468206955, -26.033368470658473)",62.635900468206955,-26.033368470658473,24.85,24.85,63,14.9,92,IS,1581542651
354,port keats,"(-12.566180474696054, 126.6464457568132)",-12.566180474696054,126.6464457568132,83.98,83.98,84,10.16,65,AU,1581542996
356,cayenne,"(11.925946018986707, -44.746895372735366)",11.925946018986707,-44.746895372735366,82.4,82.4,65,10.29,75,GF,1581542774
357,vytegra,"(60.14779525117697, 36.20535040867662)",60.14779525117697,36.20535040867662,30.38,30.38,93,7.09,76,RU,1581542996
358,zitacuaro,"(19.46040343567509, -100.21744603609552)",19.46040343567509,-100.21744603609552,72,72,38,11.01,0,MX,1581542996
359,koboko,"(3.6229355089744786, 30.914016111219695)",3.6229355089744786,30.914016111219695,71.17,71.17,35,4.07,0,UG,1581542997
360,moba,"(-6.8006417051709604, 29.990751166591792)",-6.8006417051709604,29.990751166591792,41.25,41.25,81,2.98,100,CN,1581542997
361,bend,"(43.48479392075237, -120.56444696384145)",43.48479392075237,-120.56444696384145,47.53,48.99,39,2.01,1,US,1581542975
362,makakilo city,"(9.77753870779847, -163.98217117382754)",9.77753870779847,-163.98217117382754,75.56,78.8,60,2.24,40,US,1581542937
363,maria aurora,"(15.869820807274593, 121.40747233019181)",15.869820807274593,121.40747233019181,58.86,58.86,92,3.13,58,PH,1581542997
364,lysyanka,"(49.305861088060055, 30.903416638549118)",49.305861088060055,30.903416638549118,32.86,32.86,82,13.27,70,UA,1581542997
365,lakes entrance,"(-38.50707668026479, 148.81020897516862)",-38.50707668026479,148.81020897516862,67.35,68,99,3,98,AU,1581542998
366,port blair,"(9.799525945378988, 91.7969577961631)",9.799525945378988,91.7969577961631,79.45,79.45,75,17.38,12,IN,1581542875
367,clinton,"(35.77945581341763, -98.9271653066953)",35.77945581341763,-98.9271653066953,33.46,35.6,64,6.93,90,US,1581542998
368,talnakh,"(81.55621713871119, 91.6741547014476)",81.55621713871119,91.6741547014476,8.6,8.6,84,31.32,75,RU,1581542863
369,aranda de duero,"(41.48254811907586, -3.8319979796244468)",41.48254811907586,-3.8319979796244468,48,48,81,4.72,100,ES,1581542998
370,port macquarie,"(-31.725902316976537, 155.35759052217628)",-31.725902316976537,155.35759052217628,73.18,73.4,100,4.7,90,AU,1581542924
371,souillac,"(-43.772133262832796, 70.47290389675837)",-43.772133262832796,70.47290389675837,79.97,80.6,83,12.75,40,MU,1581542894
372,ati,"(13.182400502215998, 18.047605988806765)",13.182400502215998,18.047605988806765,66.29,66.29,12,12.06,32,TD,1581542886
374,pyinmana,"(19.526285267978594, 96.09387355864578)",19.526285267978594,96.09387355864578,57.61,57.61,48,1.83,0,MM,1581542999
375,jimma,"(7.807307808381395, 37.14714914870973)",7.807307808381395,37.14714914870973,61.34,61.34,80,0.78,98,ET,1581542999
376,mogadishu,"(0.49242638810193284, 49.182370903086735)",0.49242638810193284,49.182370903086735,80.85,80.85,77,27.47,0,SO,1581542999
378,brejo da madre de deus,"(-8.122655384313575, -36.48891609068889)",-8.122655384313575,-36.48891609068889,79.61,79.61,59,9.04,32,BR,1581543000
379,huangmei,"(30.832678220963857, 116.17462219748728)",30.832678220963857,116.17462219748728,54.59,54.59,92,4.94,63,CN,1581543000
380,san quintin,"(25.31777160984349, -120.8009109534465)",25.31777160984349,-120.8009109534465,62.55,62.55,45,8.5,0,MX,1581543000
381,barhi,"(24.335401757285936, 85.45525358279787)",24.335401757285936,85.45525358279787,58.35,58.35,36,4.14,0,IN,1581543000
382,ilulissat,"(88.04038673808273, -39.463840591219395)",88.04038673808273,-39.463840591219395,1.4,1.4,41,2.24,54,GL,1581542872
383,ituporanga,"(-27.605481636212026, -49.44748396095315)",-27.605481636212026,-49.44748396095315,65.95,75.99,97,13,0,BR,1581543001
384,carhuamayo,"(-10.840473811346925, -75.74722093291048)",-10.840473811346925,-75.74722093291048,50.2,50.2,71,7.92,100,PE,1581543001
385,sorland,"(72.03903047127812, 6.933619144926098)",72.03903047127812,6.933619144926098,32,32,64,3.36,75,NO,1581542952
386,iqaluit,"(60.54295214098724, -69.28584577064981)",60.54295214098724,-69.28584577064981,-23.44,-23.01,61,13.87,20,CA,1581542883
387,gold coast,"(-26.273342655249948, 158.94084263656413)",-26.273342655249948,158.94084263656413,72.52,73,100,9.17,90,AU,1581543001
389,fort saint james,"(54.136631048179424, -124.57889954870907)",54.136631048179424,-124.57889954870907,30.09,30.09,94,4.83,100,CA,1581543002
390,deputatskiy,"(70.80578468960843, 141.36720041925759)",70.80578468960843,141.36720041925759,-13.97,-13.97,96,4.7,100,RU,1581542962
391,abu dhabi,"(22.606341213848367, 52.48356681961374)",22.606341213848367,52.48356681961374,59.86,60.8,67,12.75,20,AE,1581542948
392,rundu,"(-15.659653048482411, 19.894649725512977)",-15.659653048482411,19.894649725512977,78.8,78.8,57,3.36,42,NA,1581543002
393,klyuchi,"(56.98685495636238, 160.5661261575317)",56.98685495636238,160.5661261575317,-2.34,-2.34,80,6.76,0,RU,1581543002
394,tommot,"(57.8385799131199, 126.81783092176619)",57.8385799131199,126.81783092176619,-11.72,-11.72,96,8.19,100,RU,1581543003
395,gorokhovets,"(56.03052199511697, 42.68877183619347)",56.03052199511697,42.68877183619347,21.16,21.2,73,8.95,40,RU,1581543003
396,nuuk,"(61.432564693125784, -54.85416678474647)",61.432564693125784,-54.85416678474647,8.33,8.6,60,20.8,20,GL,1581542916
397,warrnambool,"(-39.08093838438954, 142.9440099256651)",-39.08093838438954,142.9440099256651,66,66,92,14.63,46,AU,1581543003
398,meadow lake,"(55.21188280452208, -107.36774086624162)",55.21188280452208,-107.36774086624162,40.91,46,48,4.7,40,US,1581543004
399,mutare,"(-19.3590205117102, 31.977095350175972)",-19.3590205117102,31.977095350175972,63.68,63.68,96,2.35,100,ZW,1581543004
400,yarada,"(14.81043855861283, 85.20060352937531)",14.81043855861283,85.20060352937531,69.8,69.8,88,3.36,20,IN,1581543004
401,ballina,"(55.95802258605289, -10.642462502919187)",55.95802258605289,-10.642462502919187,71.02,71.6,100,10.29,100,AU,1581543004
402,marsh harbour,"(27.98069205051405, -74.82965499354262)",27.98069205051405,-74.82965499354262,75.69,75.69,81,15.41,35,BS,1581543005
405,namibe,"(-11.348599990431126, 6.148062167803943)",-11.348599990431126,6.148062167803943,74.34,74.34,86,16.53,15,AO,1581542642
406,skjervoy,"(72.41443581962048, 20.359768709997127)",72.41443581962048,20.359768709997127,37.4,37.4,59,13.87,40,NO,1581543005
407,qasigiannguit,"(67.20309760366578, -50.73005993517748)",67.20309760366578,-50.73005993517748,1.4,1.4,41,2.24,54,GL,1581542684
408,soltepec,"(19.145881678622487, -97.69656989197351)",19.145881678622487,-97.69656989197351,66.24,66.24,35,13.91,0,MX,1581543005
409,urucara,"(-0.5526151491518903, -58.01943578681826)",-0.5526151491518903,-58.01943578681826,78.33,78.33,94,1.63,100,BR,1581543006
411,rock springs,"(41.47638763682946, -109.1410734859782)",41.47638763682946,-109.1410734859782,28.4,28.4,58,10.29,75,US,1581543006
412,dicabisagan,"(17.44894677644899, 123.09728056782603)",17.44894677644899,123.09728056782603,71.22,71.22,86,5.37,11,PH,1581543006
413,vardo,"(81.2025722746996, 32.92752718448219)",81.2025722746996,32.92752718448219,22.46,26.6,79,31.09,100,NO,1581543006
414,boa vista,"(2.28755358547825, -60.553020588067824)",2.28755358547825,-60.553020588067824,86,86,55,8.05,75,BR,1581543006
415,hovd,"(45.024472913112675, 101.67463179679157)",45.024472913112675,101.67463179679157,5.59,5.59,51,5.86,0,MN,1581543007
416,goba,"(5.745088086127126, 40.458316081122064)",5.745088086127126,40.458316081122064,53.22,53.22,87,4.18,70,ET,1581543007
417,arkhangelsk,"(65.57101871655942, 40.33999988216226)",65.57101871655942,40.33999988216226,35.6,35.6,80,6.71,90,RU,1581543007
418,chagoda,"(59.563958186389925, 35.99799026647702)",59.563958186389925,35.99799026647702,31.3,31.3,97,8.37,100,RU,1581543007
419,maua,"(0.7063168526072872, 38.242181414919145)",0.7063168526072872,38.242181414919145,67.48,73,88,11.41,90,BR,1581543007
420,lokachi,"(50.681036849935396, 24.53945602896644)",50.681036849935396,24.53945602896644,33.48,33.48,74,13.18,74,UA,1581543007
421,alibag,"(17.835192638848625, 70.14920875980965)",17.835192638848625,70.14920875980965,80.6,80.6,61,2.37,40,IN,1581543008
422,tecpatan,"(17.079274041570557, -93.41608020283992)",17.079274041570557,-93.41608020283992,95,95,28,10.29,20,MX,1581543008
423,chippewa falls,"(45.08466469339663, -90.83748675350047)",45.08466469339663,-90.83748675350047,31.32,33.01,96,8.05,90,US,1581543008
424,anadyr,"(65.9021840783306, 176.02543511177413)",65.9021840783306,176.02543511177413,14,14,85,11.18,75,RU,1581543008
425,nassau,"(25.6761597716702, -77.34672322522786)",25.6761597716702,-77.34672322522786,42.84,45,45,9.17,1,US,1581543008
426,sept-iles,"(53.493116792177915, -66.40000901262367)",53.493116792177915,-66.40000901262367,26.85,27,73,16.11,75,CA,1581542929
428,teya,"(61.091089087608935, 91.84336817517959)",61.091089087608935,91.84336817517959,-0.38,-0.38,95,5.17,93,RU,1581542939
429,pauini,"(-6.434020426611653, -67.92790237451516)",-6.434020426611653,-67.92790237451516,86.81,86.81,61,1.12,98,BR,1581542740
430,kutum,"(15.195305805344873, 25.963156826128312)",15.195305805344873,25.963156826128312,49.1,49.1,18,7.67,0,SD,1581543009
431,arlit,"(20.35520818889198, 8.94407155667642)",20.35520818889198,8.94407155667642,66.74,66.74,13,3.22,100,NE,1581543009
432,camacha,"(38.358652411591635, -16.82455789695598)",38.358652411591635,-16.82455789695598,62.35,64.4,87,3.36,20,PT,1581542946
433,murupara,"(-38.851472438789955, 176.72647541073343)",-38.851472438789955,176.72647541073343,72.5,73.99,74,3,95,NZ,1581543010
434,sao gabriel da cachoeira,"(0.4144095380946169, -67.87279088596308)",0.4144095380946169,-67.87279088596308,95,95,53,3.36,40,BR,1581543010
435,la vergne,"(35.93144123537698, -86.60435658526234)",35.93144123537698,-86.60435658526234,50.04,60.01,93,5.82,90,US,1581543010
436,itarema,"(8.37763135395332, -38.74118270720356)",8.37763135395332,-38.74118270720356,77.56,77.56,89,5.7,1,BR,1581543010
437,shihezi,"(44.85088854762563, 85.93245298843573)",44.85088854762563,85.93245298843573,1.8,1.8,89,3.42,0,CN,1581543010
438,caidian,"(30.334781800219844, 113.98650993547432)",30.334781800219844,113.98650993547432,50,50,93,6.71,4,CN,1581543011
439,acapulco,"(9.86160467899822, -101.60977068600889)",9.86160467899822,-101.60977068600889,87.8,87.8,62,6.93,5,MX,1581542858
440,bilma,"(16.78413827905078, 11.972191607783145)",16.78413827905078,11.972191607783145,59.68,59.68,19,3.71,98,NE,1581542883
441,phan thiet,"(8.425589657223767, 109.48364136038157)",8.425589657223767,109.48364136038157,68.05,68.05,88,3.44,47,VN,1581543011
442,poronaysk,"(50.35528713347489, 144.9143315310887)",50.35528713347489,144.9143315310887,16.75,16.75,89,2.71,15,RU,1581542958
443,guaratinga,"(-16.748667416537728, -39.73560077828651)",-16.748667416537728,-39.73560077828651,82.4,82.4,74,13.87,40,BR,1581543011
444,shibetsu,"(43.85650466102362, 145.012515912882)",43.85650466102362,145.012515912882,30.16,30.16,83,5.7,0,JP,1581543012
445,flinders,"(-31.710085484518288, 131.06862033877212)",-31.710085484518288,131.06862033877212,71.08,72,100,11.41,75,AU,1581543012
446,vestmanna,"(67.91435143411147, -9.90339747825496)",67.91435143411147,-9.90339747825496,32,32,69,10.29,34,FO,1581543012
447,inhambane,"(-24.411190630472774, 38.002839760612716)",-24.411190630472774,38.002839760612716,78.12,78.12,86,13.2,85,MZ,1581542887
448,moron,"(50.56169154903441, 99.25619471563562)",50.56169154903441,99.25619471563562,81.28,84,42,12.75,0,AR,1581542954
449,buta,"(3.3051138652378143, 25.79950336451671)",3.3051138652378143,25.79950336451671,70.59,70.59,37,0.96,0,CD,1581543013
450,brownsville,"(26.37939862606926, -95.92136243517353)",26.37939862606926,-95.92136243517353,54.41,55.4,87,12.75,90,US,1581543013
451,deblin,"(51.50107116644392, 21.747809246086092)",51.50107116644392,21.747809246086092,35.64,37.99,81,18.34,75,PL,1581543013
452,salalah,"(12.728061684403698, 62.74811228753754)",12.728061684403698,62.74811228753754,71.6,71.6,37,27.51,31,OM,1581542913
453,takoradi,"(-2.3949695113583545, -0.5848166139863338)",-2.3949695113583545,-0.5848166139863338,79.75,79.75,81,4.88,9,GH,1581542672
454,petropavlovsk-kamchatskiy,"(51.969385705293405, 160.1670759658346)",51.969385705293405,160.1670759658346,12.2,12.2,61,8.95,0,RU,1581542681
455,bac lieu,"(6.283151282318585, 106.9700136642233)",6.283151282318585,106.9700136642233,72.95,72.95,95,5.39,50,VN,1581543014
456,alzamay,"(55.17702368307542, 98.41359155915376)",55.17702368307542,98.41359155915376,3.47,3.47,95,2.73,84,RU,1581543014
457,bansi,"(27.40200279913732, 82.98377177542761)",27.40200279913732,82.98377177542761,54.3,54.3,83,6.76,33,IN,1581543014
458,vanersborg,"(58.71042374941547, 12.29121848556639)",58.71042374941547,12.29121848556639,37.69,39.99,69,11.41,0,SE,1581543014
459,srednekolymsk,"(68.19382506760874, 152.0635554898991)",68.19382506760874,152.0635554898991,-26.18,-26.18,70,6.22,88,RU,1581542865
460,filadelfia,"(-23.065622497118596, -60.843020870443766)",-23.065622497118596,-60.843020870443766,44.85,46.99,33,8.05,90,US,1581542818
461,rzhev,"(56.445727915539095, 34.070728873335185)",56.445727915539095,34.070728873335185,30.7,30.7,95,7.81,100,RU,1581543015
462,high rock,"(27.155536100123797, -77.91893288329484)",27.155536100123797,-77.91893288329484,78.8,78.8,78,11.41,75,BS,1581543015
463,khorixas,"(-20.019250721010025, 13.142206346611715)",-20.019250721010025,13.142206346611715,74.34,74.34,31,11.41,0,NA,1581543015
464,guerrero negro,"(24.738873743089172, -115.49203509826208)",24.738873743089172,-115.49203509826208,66.79,66.79,29,6.53,0,MX,1581543015
465,mikuni,"(37.60172629066652, 135.11106658813884)",37.60172629066652,135.11106658813884,59,59,77,12.75,75,JP,1581543015
466,urubicha,"(-15.2223168613815, -62.97682430179461)",-15.2223168613815,-62.97682430179461,79.12,79.12,92,3.89,98,BO,1581543016
469,hobyo,"(6.023823821677041, 49.994815059081134)",6.023823821677041,49.994815059081134,77.13,77.13,76,22.55,0,SO,1581542887
472,havoysund,"(77.69704262027622, 22.686251717935505)",77.69704262027622,22.686251717935505,31.98,33.8,80,21.92,40,NO,1581543016
473,parambu,"(-6.435764996349462, -40.7622828004892)",-6.435764996349462,-40.7622828004892,78.08,78.08,67,7.67,54,BR,1581543016
474,raudeberg,"(63.42521870511695, 3.934084252384139)",63.42521870511695,3.934084252384139,34.75,37.4,59,19.46,40,NO,1581542932
476,beringovskiy,"(53.69158656496805, 178.9505601007105)",53.69158656496805,178.9505601007105,6.66,6.66,91,6.55,100,RU,1581543016
477,laurel,"(45.89195461013449, -109.4304702235289)",45.89195461013449,-109.4304702235289,45.52,48,45,5.82,90,US,1581543017
478,muros,"(45.22527966185751, -13.745445736460567)",45.22527966185751,-13.745445736460567,54.64,59,100,8.05,90,ES,1581543017
479,lisakovsk,"(51.77613686795601, 62.78918670232079)",51.77613686795601,62.78918670232079,1.31,1.31,97,4.27,65,KZ,1581543017
480,lavrentiya,"(66.187576654852, -168.850997732787)",66.187576654852,-168.850997732787,-5.49,-5.49,89,3.33,97,RU,1581542941
481,sao sebastiao,"(-25.761556756737747, -45.25308498580432)",-25.761556756737747,-45.25308498580432,75.81,75.81,76,11.79,100,BR,1581543017
483,burnie,"(-44.8063461318606, 142.12886665119964)",-44.8063461318606,142.12886665119964,64,64,76,5.01,100,AU,1581543018
484,pisco,"(-18.91742079376506, -87.9795784723371)",-18.91742079376506,-87.9795784723371,72.18,73,30,25.28,75,PE,1581542930
485,cooma,"(-35.78073009088788, 148.69507153213812)",-35.78073009088788,148.69507153213812,62.6,62.6,100,10.29,90,AU,1581543018
486,igarka,"(65.91163235136065, 85.89342896223934)",65.91163235136065,85.89342896223934,7.25,7.25,93,17.83,100,RU,1581543018
487,shu,"(44.37078038814363, 72.93245175763084)",44.37078038814363,72.93245175763084,35.01,35.01,66,8.99,100,KZ,1581543018
488,cockburn town,"(26.030739885106087, -68.76178841737217)",26.030739885106087,-68.76178841737217,80.6,80.6,65,13.87,40,TC,1581543018
489,manaquiri,"(-3.277373914935424, -60.262054723053666)",-3.277373914935424,-60.262054723053666,82.4,84.2,79,3.36,75,BR,1581543019
490,gidam,"(19.33402938002851, 80.8890399391127)",19.33402938002851,80.8890399391127,61.3,61.3,48,1.92,0,IN,1581543019
491,sistranda,"(67.92271973112972, 8.173932179889704)",67.92271973112972,8.173932179889704,35.76,36,80,29.97,75,NO,1581542902
492,coahuayana,"(-0.5099410028133491, -112.91940884583245)",-0.5099410028133491,-112.91940884583245,80.6,80.6,54,11.41,40,MX,1581543019
493,troitsko-pechorsk,"(62.02017399841995, 57.266230709668804)",62.02017399841995,57.266230709668804,16.07,16.07,97,5.03,100,RU,1581543019
494,biak,"(2.7011232623542725, 136.0266592129006)",2.7011232623542725,136.0266592129006,81.03,81.03,75,8.75,100,ID,1581542959
495,parkes,"(-33.14182347246118, 148.24144220859267)",-33.14182347246118,148.24144220859267,73.99,73.99,82,6.53,100,AU,1581543020
496,jablah,"(35.39609338014037, 35.34286953705251)",35.39609338014037,35.34286953705251,44.6,44.6,93,6.93,75,SY,1581543020
497,aykhal,"(64.57183044940155, 109.67917778734085)",64.57183044940155,109.67917778734085,-5.8,-5.8,83,4.47,100,RU,1581542686
498,sao joao da boa vista,"(-21.970041676337672, -46.87984976814542)",-21.970041676337672,-46.87984976814542,71.6,71.6,83,12.75,75,BR,1581543020
499,caiaponia,"(-17.01323251977084, -51.88023064071493)",-17.01323251977084,-51.88023064071493,77.99,77.99,85,3.2,79,BR,1581543020
500,ballarpur,"(19.88730566919638, 79.41492456905712)",19.88730566919638,79.41492456905712,66.81,66.81,42,2.55,0,IN,1581543021
501,suda,"(59.54520720910591, 37.68755480475255)",59.54520720910591,37.68755480475255,32,32,92,4.47,90,RU,1581543021
502,lata,"(-10.946739279160298, 165.6003946843129)",-10.946739279160298,165.6003946843129,54.03,57,87,1.12,90,PT,1581543021
503,worthington,"(43.77167978928787, -95.34943884977763)",43.77167978928787,-95.34943884977763,34,36,69,8.05,90,US,1581542925
504,point fortin,"(9.760564737281413, -62.047428845385014)",9.760564737281413,-62.047428845385014,82.85,84.2,62,12.75,20,TT,1581543021
505,honavar,"(13.750088383397795, 73.19343537532077)",13.750088383397795,73.19343537532077,70.2,70.2,45,4.34,0,IN,1581543022
506,whitehorse,"(62.537200676629254, -133.12458413629514)",62.537200676629254,-133.12458413629514,23.25,24.8,79,27.51,90,CA,1581542874
507,tezu,"(32.214858677807726, 98.59359377663759)",32.214858677807726,98.59359377663759,57.13,57.13,54,2.93,100,IN,1581543022
508,lloret de mar,"(40.92136330614798, 3.3152628645615323)",40.92136330614798,3.3152628645615323,50.47,54,100,6.93,75,ES,1581543022
509,kita,"(12.978914996219004, -9.8786076284444)",12.978914996219004,-9.8786076284444,81.32,81.32,15,6.51,0,ML,1581543022
510,nyimba,"(-14.379913892762005, 30.501220977021774)",-14.379913892762005,30.501220977021774,68.49,68.49,96,2.57,100,ZM,1581543022
511,pascagoula,"(29.380717608384856, -88.06855200462526)",29.380717608384856,-88.06855200462526,73.4,77,78,13.87,75,US,1581542816
512,morgan city,"(29.32770883810815, -91.61459009405209)",29.32770883810815,-91.61459009405209,76.51,79,100,14.99,90,US,1581543023
513,borba,"(-5.0790389156274784, -58.3866533993595)",-5.0790389156274784,-58.3866533993595,73.65,73.65,98,2.89,100,BR,1581543023
514,tevaitoa,"(-17.197149805151895, -151.45103903459443)",-17.197149805151895,-151.45103903459443,81.93,81.93,78,14.25,12,PF,1581542867
515,cap malheureux,"(-12.506946025976731, 59.604967271665515)",-12.506946025976731,59.604967271665515,79.77,80.6,83,12.75,40,MU,1581543023
516,fort abbas,"(28.823672074521312, 72.67149273091846)",28.823672074521312,72.67149273091846,62.51,62.51,41,9.69,0,PK,1581543023
517,kirakira,"(-11.856676127973628, 163.6115232813409)",-11.856676127973628,163.6115232813409,81.34,81.34,76,7.45,100,SB,1581542802
518,tarabuco,"(-18.824460902140757, -64.80437598227564)",-18.824460902140757,-64.80437598227564,66.2,66.2,52,11.41,40,BO,1581543024
519,port hedland,"(-18.92079237892736, 119.38678568155382)",-18.92079237892736,119.38678568155382,80.56,80.56,76,9.75,0,AU,1581543024
520,bambanglipuro,"(-9.049000902594983, 110.69977571793368)",-9.049000902594983,110.69977571793368,74.21,74.21,91,8.81,75,ID,1581542871
521,sungurlu,"(40.05030194003098, 34.289266296598015)",40.05030194003098,34.289266296598015,29.97,29.97,97,6.02,99,TR,1581543024
522,narsaq,"(84.4812286760727, -61.645359396692584)",84.4812286760727,-61.645359396692584,5,5,34,5.82,0,GL,1581542713
523,augusto correa,"(-0.16375877043121534, -46.1537927214431)",-0.16375877043121534,-46.1537927214431,77.31,77.31,94,6.62,91,BR,1581543025
524,ruteng,"(-8.391837923722989, 120.11474113902273)",-8.391837923722989,120.11474113902273,67.1,67.1,89,3.38,100,ID,1581543025
526,monastyrshchina,"(54.41343081150137, 31.81394437043923)",54.41343081150137,31.81394437043923,32.79,32.79,97,8.05,100,RU,1581543025
527,nova olimpia,"(-13.243601283632628, -58.11243904415552)",-13.243601283632628,-58.11243904415552,86.31,86.31,75,2.1,88,BR,1581543025
528,neiafu,"(-18.22906139212091, -176.30653016292186)",-18.22906139212091,-176.30653016292186,75.2,75.2,100,5.82,90,TO,1581543026
529,morganton,"(35.618985911458736, -81.64533863975853)",35.618985911458736,-81.64533863975853,50.09,57.99,71,5.77,90,US,1581543026
530,ahipara,"(-32.845068706123996, 164.56468850709888)",-32.845068706123996,164.56468850709888,67.89,67.89,72,6.29,49,NZ,1581542900
531,brae,"(65.91540543949344, -1.1547039521180977)",65.91540543949344,-1.1547039521180977,35.11,39.2,65,4.7,61,GB,1581542906
533,port augusta,"(-27.966998639733546, 138.22507025401273)",-27.966998639733546,138.22507025401273,66.58,69.8,83,9.17,90,AU,1581543026
534,aklavik,"(69.24293615744713, -138.1849066658605)",69.24293615744713,-138.1849066658605,-23.55,-18.4,74,7.25,20,CA,1581542638
535,necochea,"(-44.38377746856748, -57.97286412745149)",-44.38377746856748,-57.97286412745149,81.1,84,47,15.99,0,AR,1581542994
536,marsa matruh,"(30.911030054354555, 27.04138946902785)",30.911030054354555,27.04138946902785,53.6,53.6,81,3.36,0,EG,1581543027
537,arras,"(50.34652410828687, 2.774439720537373)",50.34652410828687,2.774439720537373,41.14,43,86,10.29,59,FR,1581543027
538,marquette,"(46.1224738968059, -88.48351929361232)",46.1224738968059,-88.48351929361232,21.33,24.8,85,19.46,90,US,1581542876
539,chumikan,"(54.149452320910285, 134.41752974112626)",54.149452320910285,134.41752974112626,2.64,2.64,89,6.64,100,RU,1581543027
540,boma,"(-6.27032391127959, 13.15713902543456)",-6.27032391127959,13.15713902543456,75.97,75.97,19,2.28,20,GH,1581543027
541,udachnyy,"(66.30881192403211, 112.16737700955883)",66.30881192403211,112.16737700955883,-5.8,-5.8,83,4.47,100,RU,1581542696
542,otradnoye,"(44.13262732764005, 147.01298282495674)",44.13262732764005,147.01298282495674,33.93,34,94,6.71,90,RU,1581542992
543,acoua,"(-12.813087621782671, 44.94388295655267)",-12.813087621782671,44.94388295655267,80.6,80.6,94,2.24,20,YT,1581543028
544,preobrazheniye,"(42.04493978899373, 133.80898124469468)",42.04493978899373,133.80898124469468,32.11,32.11,78,3.85,7,RU,1581543028
545,moroto,"(2.2683185824019745, 34.44949157339721)",2.2683185824019745,34.44949157339721,78.78,78.78,32,10.85,15,UG,1581543028
546,shieli,"(42.69266072834645, 65.7051813292666)",42.69266072834645,65.7051813292666,30.72,30.72,83,13.27,32,KZ,1581543028
547,asyut,"(26.023792405309166, 28.37855767132035)",26.023792405309166,28.37855767132035,55.4,55.4,71,6.93,0,EG,1581543029
548,aden,"(12.196136797431862, 46.709456461754)",12.196136797431862,46.709456461754,77.07,77.07,71,13.13,81,YE,1581543017
549,guia lopes da laguna,"(-21.61468431065599, -55.810454569122385)",-21.61468431065599,-55.810454569122385,82.26,82.26,74,8.34,45,BR,1581543029
550,jaora,"(23.581013689202024, 75.0942187049076)",23.581013689202024,75.0942187049076,61.32,61.32,41,5.97,0,IN,1581543029
551,balotra,"(26.092269161976716, 72.41281000146773)",26.092269161976716,72.41281000146773,67.77,67.77,23,7.56,62,IN,1581543029
552,saint-joseph,"(-25.85575545422236, 54.715636611829666)",-25.85575545422236,54.715636611829666,75.4,80.6,78,5.82,81,RE,1581543030
553,tubuala,"(11.018158977990154, -78.5734818710503)",11.018158977990154,-78.5734818710503,91.27,91.4,52,8.05,20,PA,1581543030
555,vikulovo,"(57.313196017376356, 70.16017666691127)",57.313196017376356,70.16017666691127,3.45,3.45,90,8.9,27,RU,1581543030
556,emmett,"(44.213626033269776, -116.14894664588093)",44.213626033269776,-116.14894664588093,48.52,51.8,34,12.75,1,US,1581543030
557,jalu,"(23.753424677656795, 20.287229529165643)",23.753424677656795,20.287229529165643,61.72,61.72,47,7.27,11,LY,1581542959
558,peruibe,"(-25.70958952872192, -46.35933626166346)",-25.70958952872192,-46.35933626166346,76.15,76.15,75,11.95,100,BR,1581543031
559,cradock,"(-31.766445479831674, 25.3938106147759)",-31.766445479831674,25.3938106147759,71.87,71.87,39,5.35,0,ZA,1581543031
560,jiancheng,"(30.665894348618323, 104.7806284130977)",30.665894348618323,104.7806284130977,56.35,60.01,76,3.47,20,CN,1581543031
561,kamina,"(-8.085776197155994, 25.844175998209437)",-8.085776197155994,25.844175998209437,67.14,67.14,91,3.04,100,CD,1581543031
562,bathsheba,"(16.028417435126116, -51.32806630965101)",16.028417435126116,-51.32806630965101,78.8,78.8,78,25.28,40,BB,1581542884
563,varnavino,"(57.72212636134606, 45.16714187201271)",57.72212636134606,45.16714187201271,17.15,17.15,93,9.22,100,RU,1581543032
564,iskateley,"(66.94980334590505, 54.370954095189205)",66.94980334590505,54.370954095189205,29.1,29.1,85,19.64,30,RU,1581543032
565,providencia,"(28.067822642955377, -111.60808221944384)",28.067822642955377,-111.60808221944384,67.33,69.01,40,5.57,40,MX,1581543032
566,opuwo,"(-18.024000751938402, 11.82660229923178)",-18.024000751938402,11.82660229923178,69.69,69.69,45,6.4,50,NA,1581543032
567,ereymentau,"(51.98443035066168, 73.78644458630401)",51.98443035066168,73.78644458630401,10.8,10.8,63,9.28,100,KZ,1581543032
568,mbamba,"(-11.402141222345548, 34.61739092120848)",-11.402141222345548,34.61739092120848,67.69,67.69,16,6.35,0,NG,1581543033
569,madaoua,"(13.3494453115742, 5.9668080599173265)",13.3494453115742,5.9668080599173265,69.89,69.89,13,12.62,100,NE,1581543033
570,kez,"(58.22756882810691, 53.75779785808189)",58.22756882810691,53.75779785808189,9.68,9.68,94,3.87,86,RU,1581543033
571,outlook,"(51.66321802393827, -106.84587838565874)",51.66321802393827,-106.84587838565874,-6,-6,55,3.33,0,CA,1581543033
573,tsaratanana,"(-16.208331106837576, 47.322324417511965)",-16.208331106837576,47.322324417511965,70.81,70.81,77,1.88,72,MG,1581543033
574,griffith,"(-34.68470504781068, 145.34044659976638)",-34.68470504781068,145.34044659976638,33.33,35.01,80,6.85,90,US,1581543034
576,kathmandu,"(31.813570454935984, 86.6884560276763)",31.813570454935984,86.6884560276763,44.6,44.6,93,3.36,20,NP,1581542974
577,nha trang,"(11.722399654422048, 113.16057461680367)",11.722399654422048,113.16057461680367,75.2,75.2,94,3.36,20,VN,1581543034
578,westport,"(-39.16117388029398, 166.95462763256808)",-39.16117388029398,166.95462763256808,42.31,45,48,8.05,1,US,1581542986
579,carberry,"(49.647852265145815, -99.1810792825618)",49.647852265145815,-99.1810792825618,-9.4,-9.4,52,18.34,5,CA,1581543034
580,samana,"(21.929618080299235, -68.18779868861579)",21.929618080299235,-68.18779868861579,78.8,78.8,83,9.17,20,DO,1581542904
581,sapouy,"(11.679917008421796, -2.1077133505912116)",11.679917008421796,-2.1077133505912116,80.42,80.42,7,9.6,100,BF,1581543035
582,longhua,"(29.02410577417068, 108.10035466258591)",29.02410577417068,108.10035466258591,61.72,61.72,96,1.88,67,CN,1581543035
583,yelizovo,"(53.29418363299928, 158.48218167609264)",53.29418363299928,158.48218167609264,12.2,12.2,61,8.95,0,RU,1581543035
585,grand forks,"(49.5099338832527, -118.36241685921254)",49.5099338832527,-118.36241685921254,-14.3,-11.2,62,23.04,20,US,1581543035
586,xiaoweizhai,"(25.2663194662573, 107.03626898721467)",25.2663194662573,107.03626898721467,55.18,55.18,97,2.57,100,CN,1581543035
588,vilhena,"(-12.798132074241991, -59.67268899122567)",-12.798132074241991,-59.67268899122567,82.4,82.4,74,3.36,75,BR,1581542998
589,bulungu,"(-4.707477318413453, 17.854669943126822)",-4.707477318413453,17.854669943126822,76.33,76.33,77,1.92,100,CD,1581543036
591,basqal,"(40.755776239463074, 48.68162760966047)",40.755776239463074,48.68162760966047,35.6,35.6,47,11.41,40,AZ,1581543036
592,ubeda,"(37.98707534165172, -3.2986498583528316)",37.98707534165172,-3.2986498583528316,56.55,59,74,4.34,100,ES,1581543036
593,little falls,"(40.87584223449491, -74.22453454691414)",40.87584223449491,-74.22453454691414,43.11,46,52,8.05,1,US,1581542993
594,gwembe,"(-16.487916162389624, 27.832415566615765)",-16.487916162389624,27.832415566615765,65.48,65.48,96,9.93,65,ZM,1581543036
595,roma,"(-26.15378685435472, 143.68507415524294)",-26.15378685435472,143.68507415524294,37.49,39.99,64,6.93,1,US,1581542814
596,shangrao,"(27.949501949503528, 118.62005515520264)",27.949501949503528,118.62005515520264,53.85,53.85,96,4.54,14,CN,1581543037
597,kloulklubed,"(4.170841958959926, 137.50979321746973)",4.170841958959926,137.50979321746973,78.8,78.8,83,11.41,90,PW,1581543037
599,beyneu,"(43.99381336940783, 56.93667813949395)",43.99381336940783,56.93667813949395,27.45,27.45,53,11.07,0,KZ,1581543037
600,kyra,"(49.22411254787562, 112.47098338115785)",49.22411254787562,112.47098338115785,-1.7,-1.7,85,6.55,100,RU,1581543037
601,pailon,"(-17.379913101518326, -62.16599169731201)",-17.379913101518326,-62.16599169731201,88.68,89.6,62,5.82,40,BO,1581543037
602,high level,"(57.87778585540025, -116.0791256143848)",57.87778585540025,-116.0791256143848,-5.8,-5.8,58,9.17,20,CA,1581543038
603,pljevlja,"(43.19149904380629, 19.431778831590805)",43.19149904380629,19.431778831590805,28.4,28.4,100,3.36,100,ME,1581543038
604,wajima,"(38.91800699236495, 134.56617713780474)",38.91800699236495,134.56617713780474,51.31,51.31,87,11.32,99,JP,1581543038
605,ejido,"(8.566599195195778, -71.29097204526278)",8.566599195195778,-71.29097204526278,54.73,54.73,80,3.13,99,VE,1581543038
607,baykit,"(62.143429197309416, 95.35962246910202)",62.143429197309416,95.35962246910202,-5.78,-5.78,98,4.03,100,RU,1581543038
609,santa rosa,"(-37.613661928931755, -65.21405236095394)",-37.613661928931755,-65.21405236095394,73.6,75.2,73,3.36,20,PH,1581543039
